{
  "DISC": {
    "2022": [72.58279265212887, -38.45581495328228, 3251.9489147560234]
  },
  "GPS_basestation" : {
    "2022": [72.578613602, -38.454307027, 3259.8767]
  }
}