{
    "0": 0.0375959601805741,
    "1": 0.04191032890183429,
    "2": 0.037356688322661404,
    "3": 0.036420229254128855,
    "4": 0.03868338583436355,
    "5": 0.03763507487611656,
    "6": 0.03836545002072578,
    "7": 0.03774663771504275,
    "8": 0.03596666164221151,
    "9": 0.0379168838108702,
    "10": 0.03632514803263139,
    "11": 0.037057883093033345,
    "12": 0.036779644978815695,
    "13": 0.03768650455239701,
    "14": 0.03810952174754539,
    "15": 0.037920302646738784,
    "16": 0.038240663023588216,
    "17": 0.037174254561981264,
    "18": 0.038908103823895486,
    "19": 0.038026204837319826,
    "20": 0.03726881424439382,
    "21": 0.03850896793558693,
    "22": 0.03750933898249592,
    "23": 0.037658968552514285
}