{
    "metadata": {
        "station_id": 23,
        "run_range": "260183 - 260238",
        "excluded_runs": null,
        "n_events": 24106,
        "trigger_type": "FORCE",
        "start_time": "NaT",
        "end_time": "NaT",
        "comment": ""
    },
    "values": {
        "0": {
            "k_value": 3.762166218366993,
            "mean": 0.577107117533766,
            "std": 0.03732188024567012
        },
        "1": {
            "k_value": 3.9257574117416296,
            "mean": 0.5665740028432129,
            "std": 0.037021496647155254
        },
        "2": {
            "k_value": 3.744304334508179,
            "mean": 0.563456718693811,
            "std": 0.03638942040874929
        },
        "3": {
            "k_value": 3.652013111637321,
            "mean": 0.5836332761257299,
            "std": 0.03812928862745274
        },
        "4": {
            "k_value": 3.759176848435261,
            "mean": 0.5609462342903889,
            "std": 0.036175331025028505
        },
        "5": {
            "k_value": 3.810244449079828,
            "mean": 0.5895762463074197,
            "std": 0.03854924803158611
        },
        "6": {
            "k_value": 4.009136937632877,
            "mean": 0.5799833435313436,
            "std": 0.037825854054512005
        },
        "7": {
            "k_value": 3.6570832652384255,
            "mean": 0.5950602137045344,
            "std": 0.04002414760393012
        },
        "8": {
            "k_value": 3.87152111829529,
            "mean": 0.5627683618884816,
            "std": 0.036409936443868966
        },
        "9": {
            "k_value": 3.66486431660238,
            "mean": 0.559694691297866,
            "std": 0.03609697211876191
        },
        "10": {
            "k_value": 3.8081144980505095,
            "mean": 0.5577947841576371,
            "std": 0.036421423593066854
        },
        "11": {
            "k_value": 3.79464797414064,
            "mean": 0.5686149794880494,
            "std": 0.036958683642687826
        },
        "12": {
            "k_value": 3.595802364401457,
            "mean": 0.5973883083478627,
            "std": 0.04027146593340433
        },
        "13": {
            "k_value": 3.7072670635100406,
            "mean": 0.604245777795171,
            "std": 0.04189171587198898
        },
        "14": {
            "k_value": 3.7041703188720687,
            "mean": 0.5948594322039539,
            "std": 0.039591206599176934
        },
        "15": {
            "k_value": 3.7249653806765552,
            "mean": 0.5942000666512095,
            "std": 0.039929388993859054
        },
        "16": {
            "k_value": 3.6821162156075413,
            "mean": 0.6004542980564976,
            "std": 0.04070729218986243
        },
        "17": {
            "k_value": 3.7375801861195304,
            "mean": 0.595576948735462,
            "std": 0.03899121709399086
        },
        "18": {
            "k_value": 3.707868745308873,
            "mean": 0.5983115492567542,
            "std": 0.03977526449116828
        },
        "19": {
            "k_value": 3.737245011798906,
            "mean": 0.5987948131915328,
            "std": 0.04060547476061093
        },
        "20": {
            "k_value": 3.713975623276045,
            "mean": 0.5959866958342891,
            "std": 0.03986031875483929
        },
        "21": {
            "k_value": 3.7291182404868035,
            "mean": 0.5718106738919525,
            "std": 0.03690971425293745
        },
        "22": {
            "k_value": 3.8890316918370895,
            "mean": 0.5576483336364043,
            "std": 0.03640406246139907
        },
        "23": {
            "k_value": 3.9085782892606775,
            "mean": 0.5698817576065509,
            "std": 0.037099824836676266
        }
    }
}