{
    "metadata": {
        "station_id": 21,
        "run_range": "260371 - 260484",
        "excluded_runs": null,
        "n_events": 78422,
        "trigger_type": "FORCE",
        "start_time": "NaT",
        "end_time": "NaT",
        "comment": ""
    },
    "values": {
        "0": {
            "k_value": 3.7751536741664644,
            "mean": 0.6209650263600756,
            "std": 0.048713745790834546
        },
        "1": {
            "k_value": 3.62898533784865,
            "mean": 0.6144140044034891,
            "std": 0.0491288126541708
        },
        "2": {
            "k_value": 3.696500708148893,
            "mean": 0.6238713850753842,
            "std": 0.04654849454442276
        },
        "3": {
            "k_value": 3.7067720201520564,
            "mean": 0.6157146878145918,
            "std": 0.055721688219763206
        },
        "4": {
            "k_value": 3.6557052039838336,
            "mean": 0.6214194814237335,
            "std": 0.057082714160678
        },
        "5": {
            "k_value": 3.7860646377944693,
            "mean": 0.606500175411455,
            "std": 0.04253151691501118
        },
        "6": {
            "k_value": 3.9250439242488944,
            "mean": 0.6076307950925034,
            "std": 0.042843906225499044
        },
        "7": {
            "k_value": 3.7634903975721734,
            "mean": 0.6182208150261795,
            "std": 0.044674235316179194
        },
        "8": {
            "k_value": 4.052954552694124,
            "mean": 0.6236694686829861,
            "std": 0.053809483971697596
        },
        "9": {
            "k_value": 3.709364372221402,
            "mean": 0.6081795558833067,
            "std": 0.04327293245823671
        },
        "10": {
            "k_value": 3.6921604046858834,
            "mean": 0.6137058186411386,
            "std": 0.04551353407667806
        },
        "11": {
            "k_value": 3.7385009998616896,
            "mean": 0.6016604002378095,
            "std": 0.04258751919312569
        },
        "12": {
            "k_value": 3.7533981965065517,
            "mean": 0.6181510505559866,
            "std": 0.04674540323534384
        },
        "13": {
            "k_value": 3.719664459091777,
            "mean": 0.6153018082565718,
            "std": 0.04732238158878216
        },
        "14": {
            "k_value": 3.7691578071364678,
            "mean": 0.6172622625600973,
            "std": 0.04774014284363033
        },
        "15": {
            "k_value": 3.8108263690125517,
            "mean": 0.6115125613785061,
            "std": 0.04714316565177926
        },
        "16": {
            "k_value": 3.7210592199432186,
            "mean": 0.6039433111819733,
            "std": 0.05729677962310313
        },
        "17": {
            "k_value": 3.7042731064660073,
            "mean": 0.6171631741961564,
            "std": 0.04717782608562412
        },
        "18": {
            "k_value": 3.6472303155163823,
            "mean": 0.6158064571856954,
            "std": 0.048559649733733765
        },
        "19": {
            "k_value": 4.4957397346407735,
            "mean": 0.6035241883965614,
            "std": 0.0576916622739875
        },
        "20": {
            "k_value": 3.7699280701454465,
            "mean": 0.6105633698099973,
            "std": 0.04497907159737671
        },
        "21": {
            "k_value": 3.774012960023972,
            "mean": 0.6137106956886078,
            "std": 0.046098657036016656
        },
        "22": {
            "k_value": 3.679881996536226,
            "mean": 0.6136623885404481,
            "std": 0.04535357635568516
        },
        "23": {
            "k_value": 3.629287587705251,
            "mean": 0.6524223008407125,
            "std": 0.08958676680609072
        }
    }
}