{
    "metadata": {
        "station_id": 22,
        "run_range": "260049 - 260163",
        "excluded_runs": null,
        "n_events": 69170,
        "trigger_type": "FORCE",
        "start_time": "NaT",
        "end_time": "NaT",
        "comment": "k values above 5 are set to 4: {'Ch13': 7.953214184201574, 'Ch19': 6.527151068953314}"
    },
    "values": {
        "0": {
            "k_value": 3.642509109488299,
            "mean": 0.6166809640373374,
            "std": 0.053002974106461015
        },
        "1": {
            "k_value": 3.585131326245107,
            "mean": 0.621962749414459,
            "std": 0.04599223922674427
        },
        "2": {
            "k_value": 3.7554896830678888,
            "mean": 0.6065030712500108,
            "std": 0.04665328395013488
        },
        "3": {
            "k_value": 3.7142972842562894,
            "mean": 0.6196067197595244,
            "std": 0.05256138851815656
        },
        "4": {
            "k_value": 3.5652713943654484,
            "mean": 0.6185688323205769,
            "std": 0.04913705386180894
        },
        "5": {
            "k_value": 3.6006051053554855,
            "mean": 0.6106587268805614,
            "std": 0.04286061829363942
        },
        "6": {
            "k_value": 3.699233054357916,
            "mean": 0.6036031664598746,
            "std": 0.04164433101028253
        },
        "7": {
            "k_value": 3.6516767717248264,
            "mean": 0.6083962631518067,
            "std": 0.041871871930488753
        },
        "8": {
            "k_value": 3.699909930901746,
            "mean": 0.6118051769579961,
            "std": 0.04610387017939205
        },
        "9": {
            "k_value": 3.7158502326898053,
            "mean": 0.6118168409479064,
            "std": 0.04592214324158456
        },
        "10": {
            "k_value": 3.6553379412040865,
            "mean": 0.6154566056673775,
            "std": 0.052592736008651095
        },
        "11": {
            "k_value": 4.813100448606423,
            "mean": 0.6112725774540445,
            "std": 0.05483701183120282
        },
        "12": {
            "k_value": 3.988544334456988,
            "mean": 0.5997193541143379,
            "std": 0.041296013244038525
        },
        "13": {
            "k_value": 4.0,
            "mean": 0.6038003464086756,
            "std": 0.04627905946646852
        },
        "14": {
            "k_value": 3.8734655124984276,
            "mean": 0.5963893072755307,
            "std": 0.0404971030368894
        },
        "15": {
            "k_value": 3.8446691249178677,
            "mean": 0.5989758851886706,
            "std": 0.04017811718731204
        },
        "16": {
            "k_value": 4.458029279487277,
            "mean": 0.5967315025478518,
            "std": 0.041877540051899496
        },
        "17": {
            "k_value": 3.8927871982456534,
            "mean": 0.598678481324385,
            "std": 0.04067877874905758
        },
        "18": {
            "k_value": 3.696481055577654,
            "mean": 0.5973717089352983,
            "std": 0.040134451762337375
        },
        "19": {
            "k_value": 4.0,
            "mean": 0.6027809054687173,
            "std": 0.04417477004816027
        },
        "20": {
            "k_value": 4.107545000014993,
            "mean": 0.5978817022304006,
            "std": 0.04110219287906177
        },
        "21": {
            "k_value": 3.6669808742796968,
            "mean": 0.6082247234286696,
            "std": 0.042932896908133025
        },
        "22": {
            "k_value": 3.667120429514417,
            "mean": 0.6045811513190011,
            "std": 0.04354850941345635
        },
        "23": {
            "k_value": 3.7711763408743613,
            "mean": 0.6027253409594101,
            "std": 0.043826407961731
        }
    }
}