{
    "metadata": {
        "station_id": 11,
        "run_range": "260532 - 260649",
        "excluded_runs": null,
        "n_events": 76288,
        "trigger_type": "FORCE",
        "start_time": "NaT",
        "end_time": "NaT",
        "comment": "k values above 5 are set to 4: {'Ch13': 5.1577884815725845}"
    },
    "values": {
        "0": {
            "k_value": 3.7686170126140417,
            "mean": 0.5845983089878136,
            "std": 0.03849581941673669
        },
        "1": {
            "k_value": 3.7202923318277183,
            "mean": 0.5720006486050042,
            "std": 0.037149949564306436
        },
        "2": {
            "k_value": 3.697085598528713,
            "mean": 0.5953244427253698,
            "std": 0.04111994305746344
        },
        "3": {
            "k_value": 3.7391211261078037,
            "mean": 0.6063770132841899,
            "std": 0.042377474303430196
        },
        "4": {
            "k_value": 3.828555384987946,
            "mean": 0.5582302248204978,
            "std": 0.03630893981122643
        },
        "5": {
            "k_value": 3.8504504215703164,
            "mean": 0.5596333454791592,
            "std": 0.03642854920842437
        },
        "6": {
            "k_value": 3.786532011316184,
            "mean": 0.5599290245570983,
            "std": 0.036443870675409135
        },
        "7": {
            "k_value": 4.144195081025989,
            "mean": 0.5819441475380119,
            "std": 0.03890040708029448
        },
        "8": {
            "k_value": 3.754966549968525,
            "mean": 0.5709098722617276,
            "std": 0.0367228689088193
        },
        "9": {
            "k_value": 3.8064368370037585,
            "mean": 0.566442088156092,
            "std": 0.0369315535690418
        },
        "10": {
            "k_value": 3.758384580394858,
            "mean": 0.5634714317615644,
            "std": 0.036750889271517574
        },
        "11": {
            "k_value": 3.7597057619916163,
            "mean": 0.5708883218665877,
            "std": 0.03682288296949154
        },
        "12": {
            "k_value": 3.830037799468466,
            "mean": 0.617579334384736,
            "std": 0.05225793399154064
        },
        "13": {
            "k_value": 4.0,
            "mean": 0.595756057005961,
            "std": 0.04232910254640879
        },
        "14": {
            "k_value": 4.167863793304793,
            "mean": 0.591360003930067,
            "std": 0.04004372645886919
        },
        "15": {
            "k_value": 3.6527639094142956,
            "mean": 0.5944561212568933,
            "std": 0.039824900849087956
        },
        "16": {
            "k_value": 4.265287696379271,
            "mean": 0.6025825293490901,
            "std": 0.04176956822124566
        },
        "17": {
            "k_value": 3.757956629870979,
            "mean": 0.59645926543001,
            "std": 0.040033376547531196
        },
        "18": {
            "k_value": 3.8581550575523833,
            "mean": 0.598629036396023,
            "std": 0.04061477010566624
        },
        "19": {
            "k_value": 4.349435949792409,
            "mean": 0.5984452039541481,
            "std": 0.04123806859450991
        },
        "20": {
            "k_value": 3.7442759518797413,
            "mean": 0.5973081253621534,
            "std": 0.03994043039579265
        },
        "21": {
            "k_value": 3.6868018558680946,
            "mean": 0.5859365974257773,
            "std": 0.03836904621247123
        },
        "22": {
            "k_value": 3.629478074424344,
            "mean": 0.5985345226160163,
            "std": 0.040815125699995125
        },
        "23": {
            "k_value": 3.727554193840063,
            "mean": 0.5775995750005583,
            "std": 0.03807787201926971
        }
    }
}