{
    "0": 3.4629415672776167,
    "1": 3.5406871937295157,
    "2": 4.246244014825565,
    "3": 3.672415668446294,
    "4": 4.094566736622663,
    "5": 3.6581208290632143,
    "6": 3.440977286232869,
    "7": 3.8994273526892678,
    "8": 3.7417573367175354,
    "9": 3.808461600655682,
    "10": 4.076200180139419,
    "11": 3.9641497414678657,
    "12": 3.804236990514898,
    "13": 3.825948999629254,
    "14": 3.8667461848225826,
    "15": 3.5472320507700044,
    "16": 4.471159862666153,
    "17": 3.5691470733333484,
    "18": 4.035209249337079,
    "19": 3.8717437067333034,
    "20": 3.5179733714101973,
    "21": 3.893881748029506,
    "22": 4.04091017938111,
    "23": 3.790197046702542
}