{
    "0": 0.570153460733576,
    "1": 0.5983102750670379,
    "2": 0.5621653627696398,
    "3": 0.5639886445582059,
    "4": 0.5838963233587718,
    "5": 0.5659645577104686,
    "6": 0.5619701665484542,
    "7": 0.561757791919875,
    "8": 0.5557990116357686,
    "9": 0.5582766314874003,
    "10": 0.5513242727617559,
    "11": 0.5578905303442172,
    "12": 0.5595357051234465,
    "13": 0.5619655262001262,
    "14": 0.570684207905447,
    "15": 0.5671872278899981,
    "16": 0.5622529386994631,
    "17": 0.5680683100381787,
    "18": 0.5586113204599104,
    "19": 0.5598134402261741,
    "20": 0.5608754315376695,
    "21": 0.5716030512212262,
    "22": 0.5703699054375464,
    "23": 0.554889692787254
}