{
  "1": {
    "0": 714.9553780139191,
    "1": 710.3364846158909,
    "2": 705.1212411537641,
    "3": 700.6546072909622,
    "4": 690.761838353226,
    "5": 582.3601331742286,
    "6": 483.6670431088573,
    "7": 386.37548644736046,
    "8": 695.2098026860888,
    "9": 705.32011112294,
    "10": 701.118919397236,
    "11": 695.8325149249811,
    "21": 696.0136180352841,
    "22": 701.1819591709564,
    "23": 705.6007352061425
  },
  "2": {
    "0": 715.9114827027545,
    "1": 711.5841423459137,
    "2": 706.0066225566924,
    "3": 701.920118095211,
    "4": 691.6653661268472,
    "5": 583.8347463587268,
    "6": 485.28574264043885,
    "7": 387.9425734132664,
    "8": 696.5611867206712,
    "9": 705.9816999295236,
    "10": 701.6895192336615,
    "11": 696.5090273835664,
    "21": 695.8944613515444,
    "22": 701.1169129783345,
    "23": 705.3774304563698
  },
  "3": {
    "0": 715.2854637454359,
    "1": 710.6324767769894,
    "2": 705.3844946995908,
    "3": 701.0937993250889,
    "4": 690.9500500747815,
    "5": 583.2383277554632,
    "6": 484.42052591593875,
    "7": 387.2103211010762,
    "8": 695.8484064369925,
    "9": 705.2304586807497,
    "10": 701.1086074022868,
    "11": 695.7224638947405,
    "21": 696.6159498314443,
    "22": 701.7183093306504,
    "23": 706.0542491285506
  },
  "4": {
    "0": 716.0848684487527,
    "2": 705.9547809582946,
    "3": 701.837187725609,
    "4": 691.703621620457,
    "5": 583.1145481356763,
    "6": 484.39813876384204,
    "7": 387.28183644102774,
    "8": 696.568527555139,
    "9": 704.8326985978704,
    "10": 700.5853011208408,
    "11": 695.0992381351823,
    "21": 694.4016530026131,
    "22": 699.8409090956202,
    "23": 704.1016818511831,
    "1": 710.0
  },
  "5": {
    "0": 714.4923798064285,
    "1": 709.9935958304959,
    "2": 704.7279049211579,
    "3": 700.4277318007989,
    "4": 690.6185223242599,
    "5": 583.0629875035971,
    "6": 484.257805977493,
    "7": 387.1159239346471,
    "8": 695.0077691915028,
    "9": 704.8660580862335,
    "10": 700.3063612901005,
    "11": 695.125480287199,
    "21": 695.0278958661603,
    "22": 700.4737404863125,
    "23": 704.7261333365847
  },
  "6": {
    "0": 714.7593297729006,
    "1": 710.1658529670598,
    "2": 704.9040443161012,
    "3": 700.4520344958491,
    "4": 690.5959592568203,
    "5": 583.316058590185,
    "6": 484.8636828671781,
    "7": 387.5505598225923,
    "8": 695.1562845004979,
    "9": 704.9068519428655,
    "10": 700.5226047948097,
    "11": 695.169887472304,
    "21": 695.0887166749822,
    "22": 700.5097259660157,
    "23": 704.7852281608289
  },
  "7": {
    "0": 714.4660516693513,
    "1": 709.9058111253712,
    "2": 704.5363868097872,
    "3": 700.3521325816487,
    "4": 689.9220583040554,
    "5": 583.6085635800221,
    "6": 484.73964774406437,
    "7": 387.6103598042084,
    "8": 695.0287325115062,
    "9": 706.0498570594092,
    "10": 701.7155539494165,
    "11": 696.5371961764442,
    "21": 695.8319798499194,
    "22": 701.0882803491144,
    "23": 705.241651007666
  },
  "8": {
    "0": 715.1375248942452,
    "1": 710.7269337318945,
    "2": 705.218647403424,
    "3": 701.0337073537681,
    "4": 690.9213356744974,
    "5": 583.8674903120084,
    "6": 484.82604060135327,
    "7": 387.50789923076593,
    "8": 695.7210943988114,
    "9": 706.0298799909804,
    "10": 701.7383748266516,
    "11": 696.4997845443964,
    "21": 695.7329164808264,
    "22": 701.0524914716959,
    "23": 705.1290082710225
  },
  "9": {
    "0": 714.7889003542323,
    "1": 710.125994185995,
    "2": 704.907717791364,
    "3": 700.5047756955887,
    "4": 690.6134090862433,
    "5": 583.6510751776831,
    "6": 484.71366908125884,
    "7": 387.4357117300662,
    "8": 695.082404371683,
    "9": 705.8226166224723,
    "10": 701.4365946711572,
    "11": 696.2095237776895,
    "21": 694.966307648661,
    "22": 700.4557991679768,
    "23": 704.7490940670381
  },
  "10": {
    "0": 715.5317768222019,
    "1": 710.8382376935388,
    "2": 705.5642731965115,
    "3": 701.2273808560027,
    "4": 691.3092019501595,
    "5": 583.7560433649974,
    "6": 484.7189595813629,
    "7": 387.69316314434445,
    "8": 696.101881551688,
    "9": 704.9901354750841,
    "10": 700.7301513270942,
    "11": 695.2105093384222,
    "21": 695.1441447194167,
    "22": 700.434674889542,
    "23": 704.7887641966291
  }
}