{
  "1": {
    "1": 45.8043779968151,
    "2": 46.20942421716986,
    "3": 45.72635561302779,
    "4": 45.767816340568835,
    "5": 45.458824371215705,
    "6": 45.75439206401613,
    "7": 45.61878753278558,
    "8": 45.824131294404665,
    "9": 45.364441874451146
  },
  "2": {
    "1": 45.79539832619004,
    "2": 45.78905294911321,
    "3": 45.90825357934204,
    "4": 45.92454956903958,
    "5": 45.48825781844446,
    "6": 45.492709841772246,
    "7": 45.612761688933006,
    "8": 45.72241723374376,
    "9": 45.87938087826284
  },
  "3": {
    "1": 45.9267504993418,
    "2": 45.3209139461091,
    "3": 45.77034957757189,
    "4": 45.39048669843476,
    "5": 45.40997699209948,
    "6": 45.83094862959857,
    "7": 45.54795118967973,
    "8": 45.7577340623503,
    "9": 45.78713480723031
  },
  "4": {
    "1": 45.89728312662527,
    "2": 45.846178367177174,
    "3": 45.59430891887436,
    "4": 45.91827499385921,
    "5": 45.83638105867064,
    "6": 45.730803410479524,
    "7": 46.01978301616729,
    "8": 45.742412236972015,
    "9": 45.839198595315175
  },
  "5": {
    "1": 45.72699419041931,
    "2": 45.43439538521371,
    "3": 45.31563909722448,
    "4": 45.313941311742646,
    "5": 45.398781691972694,
    "6": 45.37621291824783,
    "7": 45.60101294697667,
    "8": 45.883012205651234,
    "9": 45.956691492869794
  },
  "6": {
    "1": 45.910627155343214,
    "2": 45.777650776480506,
    "3": 45.753631125411076,
    "4": 45.51319900390884,
    "5": 45.602214424020616,
    "6": 45.78338070735065,
    "7": 45.927426912487185,
    "8": 45.989096119098235,
    "9": 45.47793698494233
  },
  "7": {
    "1": 45.39288182695537,
    "2": 45.75937993162733,
    "3": 45.88968661430838,
    "4": 45.36724049428868,
    "5": 45.82958226071196,
    "6": 45.65495624521535,
    "7": 45.82704773531392,
    "8": 45.43375896297529,
    "9": 45.769611277639186
  },
  "8": {
    "1": 45.90640635259078,
    "2": 45.40238479265292,
    "3": 45.81481458770501,
    "4": 45.77473565000992,
    "5": 45.81879189951866,
    "6": 45.415534807752366,
    "7": 45.80298360398011,
    "8": 45.84737283716263,
    "9": 45.345542528999964
  },
  "9": {
    "1": 45.764002862920535,
    "2": 45.97540552376522,
    "3": 45.75640441890302,
    "4": 45.4816564960653,
    "5": 45.917833705247084,
    "6": 45.38950686394398,
    "7": 45.977255276242445,
    "8": 45.85528602130243,
    "9": 46.01961725310455
  },
  "10": {
    "1": 45.764844304037986,
    "2": 45.50571541171211,
    "3": 45.970402452752396,
    "4": 45.63989502151939,
    "5": 45.77623781823535,
    "6": 46.09091033454216,
    "7": 46.1901746115779,
    "8": 45.88762840274938,
    "9": 45.605120483873094
  }
}